Law Firm Name,State Served,Website,Specialities,Consultation Email,Contact Form Link, General Phone Number,Phone Number 1,Address 1,Phone Number 2,Address 2,Phone Number 3,Address 3,Phone Number  4,Address 4,Phone Number 5,Address 5,Phone Number 6,Address 6,Phone Number 7,Address 7,Phone Number 8,Address 8,Phone Number 9,Address 9,Phone Number 10,Address 10,Phone Number 11,Address 11,Phone Number 12,Address 12,Phone Number 13,Address 13,Phone Number 14,Address 14,Phone Number 15,Address 15,Phone Number 16,Address 16
Law Offices of Alicia M. Heflin,Arizona ,https://www.heflinlawplc.com/,"Deferred action, family based immigration in Phoenix, Citizenship/Naturalization, Employment-Based Immigration, Nonimmigrant visas, asylum",,https://habichlaw.com/contact-us/,888-4037141,,"3411 N. 5th Ave.
Suite 311
Phoenix, AZ ",,,,,,,,,,,,,,,,,,,,,,,,,,,,,,
Coughlon Law Firm,Arizona,https://www.coughlonlaw.com/,"Immigration, Asylum, Deferred Action for childhood arrivals, deportation defense, E2-visas, Family Immigration, green card through marriage, naturalization",,https://www.coughlonlaw.com/contact/,,,"531 E. Thomas Rd., Suite 101
Phoenix, AZ ",,,,,,,,,,,,,,,,,,,,,,,,,,,,,,
sanchez law firm,Arizona,https://topratedimmigration.com/,"Family Petitions, Fiancee Visas, Adjustment of Status, Green Cards, Work Permit Renewals, Deportation Defense, Victim's Visas, DACA Renewals, Bonds, Stateside Waivers,",,https://topratedimmigration.com/about-us, 480- 275-2407,,"110 S Mesa Dr, Mesa, AZ 85210",,,,,,,,,,,,,,,,,,,,,,,,,,,,,,
Alcock Law ,Arizona,https://www.alcocklaw.com/,"adjustment, appeals, asylum, bond hearings, cancellation of removal, citizenship, DACA, green card, I-601A waivers, U-visas",,https://www.alcocklaw.com/contact/  ,602-989-5000,,"2 North Central Avenue, 26th Floor
Phoenix AZ 85004",,,,,,,,,,,,,,,,,,,,,,,,,,,,,,
"Habich Law, PLC",Arizona,https://habichlaw.com/,"Deferred action, family based immigration in Phoenix, Citizenship/Naturalization, Employment-Based Immigration, Nonimmigrant visas, asylum",roya@habichlaw.com,https://habichlaw.com/contact-us/, 602- 795-8383,,"2200 N. Central Avenue, Suite 104
Phoenix, AZ 85004",,,,,,,,,,,,,,,,,,,,,,,,,,,,,,
"DiSanto & DiSanto, PLC",Arizona,http://disantoimmigrationlaw.com/index.html,"visas, family-base immigration services",,http://disantoimmigrationlaw.com/contactus.html,480-551-7020,,"6945 East Sahuaro Drive
Suite # 125
Scottsdale, Arizona 85254",,,,,,,,,,,,,,,,,,,,,,,,,,,,,,
Global Hearts United Immigration,Arizona,https://globalheartsunited.com/,"fiancee visas, marriage-based immigration, LGBT visas, immigration law, family law, citizenship & naturalization, Filipino immigration lawyer Scottsdale",azcarlos@hotmail.com,https://globalheartsunited.com/contact-us/,480 613-4566,,"3014 N Hayden Road Suite 112 Scottsdale, AZ 85251",,,,,,,,,,,,,,,,,,,,,,,,,,,,,,
Matthew H Green Law Office ,Arizona,https://www.arizonaimmigration.net/matt-green,"deportation defense, residency, visas, citizenship, re-entry visas",,https://www.arizonaimmigration.net/questionnaire,520 882-8852,,"130 West Cushing Street
Tucson, AZ 85701",,,,,,,,,,,,,,,,,,,,,,,,,,,,,,
The Law Office of Darshak,Arizona,https://usvisasforyou.com/index.htm,"Consulate Processing / Visa Stamping | E Visas | H1B Visas | F1 Visas | R1 Visas |
L1 Visas | J Visas | O-1 Visas | P Visas | TN Professionals | K3 Visas | K4 Visas |
Green Cards For Family & Relatives | US Citizenship / Naturalization",info@usvisasforyou.com,https://usvisasforyou.com/contact-us-immigration-lawyer-arizona.htm,602-266-1119,,"3707 N. 7th Street, Ste. 250
Phoenix, AZ 85014",,,,,,,,,,,,,,,,,,,,,,,,,,,,,,
"Alice Vacek Aranda, PLLC ",Arizona,https://www.arandalaw.org/about/,"business-based immigration, family-based immigration, asylum as a defense to deportation or removal, naturalization, and citizenship.",,https://www.arandalaw.org/contact/,,602-275-3238,"4600 East Washington Street
Suite 300
Phoenix AZ 85034-4900", 602-284-3954  appt only-,"2370 West State Road 89A
Suite 102
Sedona AZ 86336",,,,,,,,,,,,,,,,,,,,,,,,,,,,
Maria Jones Law Firm,Arizona,https://mariajoneslawfirm.com/firm-overview/,"adjustment of status, employment immigration, motion to reopen, bond hearings in AZ detention centers, tourist visas B-1,B-2-, citizenship N-600-, consular process, removal defense in immigration courts, fiancee visas, immigration appeals, all immigration waivers, naturalization N-400-, spousal visas  K-3, K-4-",,https://mariajoneslawfirm.com/contact-us/,602-603-4032,,"202 E. Earll Dr., Suite 370
Phoenix, AZ 85012",,,,,,,,,,,,,,,,,,,,,,,,,,,,,,
Law Offices of Brelje and Associates,Arizona,https://www.breljelaw.com/,"physician immigration, employment visas, investor visas, employer 1-9 and E-verfiy compliance, applications for citizenship, green card applications, applications for greencards, petition for alien relatives,   ",,https://www.breljelaw.com/contact.htm, 623- 536-5750,,"3080 North Litchfield Road
Goodyear, Arizona 85395",,,,,,,,,,,,,,,,,,,,,,,,,,,,,,
"Clifford Levenson, Attorney at Law",Arizona,https://www.legalhelpontheway.com/,family immigration,,https://www.legalhelpontheway.com/?npcmp=dir:local:3083384:85015,602-842-0834,,"5119 North 19th Avenue
Suite K
Phoenix, AZ 85015",,,,,,,,,,,,,,,,,,,,,,,,,,,,,,
"Vikram Badrinath, P.C.",Arizona,http://www.vkblaw.com,immigration law,,http://www.vkblaw.com/contact.htm, 520- 620-6000,,"100 North Stone Avenue, Suite 302, Tucson, Arizona 85701-1514, U.S.A.",,,,,,,,,,,,,,,,,,,,,,,,,,,,,,
Westover Law,Arizona,https://www.westoverlawfirm.com/,immigration law, westoverlawfirm@gmail.com,https://www.westoverlawfirm.com/contact,480-284-4200,,"1012  S. Stapley Dr. #109 Mesa, Az 85204 ",,,,,,,,,,,,,,,,,,,,,,,,,,,,,,
Law Offices of  Marina Alexadrovich,Arizona,https://www.eloyimmigration.com/,bond and deportation hearings,,https://www.eloyimmigration.com/contact/,,480-377-1111,"405 w southern ave Tempe, AZ 85282", 623- 594-5490,"1450 N Dysart Rd
Avondale, AZ 85323",,,,,,,,,,,,,,,,,,,,,,,,,,,,
Adelayo Law Firm,Arizona,https://adelayolaw.com/,"asylum law, citizenship and naturalization, deportation or removal defense, family based immigrant visas, green card through family member, consular process, fiancee visa, green card through adjustment of status, same sex marriage and immigration",,https://adelayolaw.com/contact-us/,, 602-258-1882,902 N 5th av phoenix AZ85003,,,,,,,,,,,,,,,,,,,,,,,,,,,,,,
"Pollack, Pollack, Isaac & DeCicco, LLP ",New York,https://www.ppid.com/,"Family-Based Immigrant Visas, Employment-Based Immigrant Visas, Nonimmigrant Visas, Immigration Visa Process, Immigration FAQs, PERM-Labor Certifications, H1-B Visas, Green Cards, Naturalization, Deportation, U Visa  Crime Victims-, Special Immigrant Juvenile Status  SIJS-, DACA  Deferred Actions-, Who pays for H-1B & Green Card Fees?
",info@ppid.com,https://www.ppid.com/contact-us/,800-223-2814,212-233-8100,"225 Broadway, 3rd Floor, New York, New York 10007", 914-328-2400,"906 South Streetcar, Peekskill, New York 10566",718-333-5906,"107 Avenue I, Brooklyn, New York 11230",,,,,,,,,,,,,,,,,,,,,,,,,,
Barrera Legal Group ,New York,https://www.barreralegal.com/,"Green Card Attorneys, Employment Based Immigration, Deportation Attorneys, VAWA & U-VISA Attorneys",ybarrera@barreralegal.com,https://www.barreralegal.com/contact-us/ ,516-325-1527,,"18 E. Sunrise Highway, Suite 206, Freeport, New York 11520",,"216 12th Avenue Road South, Nampa, Idaho 83686",,,,,,,,,,,,,,,,,,,,,,,,,,,,
Manchanda Law Office PLLC,New York,https://manchanda-law.com/,"Family-Based Immigrant and Non-immigrant Visa Petitions, Employment-Based Visa Petitions, Executive Office for Immigration Review  “EOIR”- and Board of Immigration Appeals  “BIA”- Immigration Deportation and Removal Defense ",rdm@manchanda-law.com,https://manchanda-law.com/contact-us/, 855- 207-7660, 212- 968-8600,"Manchanda Law Office PLLC, 30 Wall Street, 8th Floor, New York, New York 10005",,,,,,,,,,,,,,,,,,,,,,,,,,,,,,
The Law Office of Mustafa Cetin,New York,https://www.cetinesq.com/,"Full Service Immigration, Federal Immigration Litigation, Turkish Law, Family Immigration, Business Immigration, Naturalization, Asylum",info@cetinesq.com,https://www.cetinesq.com/consultation, 201--957-0909,,"18-01 River Rd, Fair Lawn, NJ 07410, USA",,,,,,,,,,,,,,,,,,,,,,,,,,,,,,
"Lubiner, Schmidt, and Palumbo, LLC","New York, New Jersey",https://www.lslawyers.com/,"Business Immigration, Family Immigration, Student Visas, Permanent Residency, Temporary Visitor, U Visa - Victims of Criminal Activity, Citizenship and Naturalization, Deportation, Diversity Immigration Visa Program, Immigration FAQ's, Preference System, The Three Steps of the PERM Process, The Effect Layoffs on H-1B Workers", ,https://www.lslawyers.com/contact-us.html, 844- 288-7978,,"313 W 82nd St, New York, NY 10024", 908- 709-0500,"123 N Union Ave #305, Cranford, NJ 07016",,"7 Mt Bethel Rd, Warren, NJ 07059",,"One Gateway Center #2600, Newark, NJ 07102",,"3514 Park Ave, Weehawken, NJ 07086",,,,,,,,,,,,,,,,,,,,,,
Tseitlin Law Firm P.C.,New York,https://www.tseitlinlaw.com/,"Employment Immigration, Family Immigration, H1B & Professional Visas, Visas for Athletes, Visas for Entertainers, Deportation Defense", ,https://www.tseitlinlaw.com/contact/,212-944-7434,917-748-4713,"345 Seventh Avenue, New York, NY 10001",,,,,,,,,,,,,,,,,,,,,,,,,,,,,,
Law Office of Shafi Chowdhury,New York,https://schowdhurylaw.com/,,info@schowdhurylaw.com,https://schowdhurylaw.com/contact, 646- 543-5839,,"118-21 Queens Blvd, Suite 603, Forest Hills, NY 11375",,"100 Duffy Ave, Suite 510, Hicksville, NY 11801",,,,,,,,,,,,,,,,,,,,,,,,,,,,
"Bretz & Coven, LLP",New York,https://www.bretzlaw.com/,"Adjustment of Status, Criminal Consequence, Green Cards, Deportation Defense, Naturalization, Writ of Mandamus, Consular Processing, Asylum Federal Challenges, Waivers, Supreme Court Challenges",kwbretz@bretzlaw.com,https://www.bretzlaw.com/, 212- 267-2555,,"305 Broadway, Ste 100, New York, NY",,,,,,,,,,,,,,,,,,,,,,,,,,,,,,
"Fragomen, Del Rey, Bernsen, & Loewy, LLP","New York, New Jersey, Georgia, Illinois, Texas, California, Arizona, Pennsylvania, Michigan",https://www.fragomen.com/,,info@fragomen.com,https://www.fragomen.com/contact-us,, 212- 688-8555,"1400 Broadway, New York, NY 10018", 732- 862-5000,"90 Matawan Road, Matawan, NJ 07747", 404- 856-5500,"1355 Peachtree St NE STE 900, Atlanta, GA 30309",,"333 W Wacker Dr, 15th Floor, Chicago, IL 60606", 972- 233-6646,"5080 Spectrum Drive, Suite 850W, Addison, TX 75001", 281- 605-3100,"4 Houston Center, 1331 Lamar, Suite 1570, Houston, TX 77010", 949- 261-0209,"18401 Von Karman Avenue, Suite 255, Irvine, CA 92612-1596", 310- 820-3322,"444 South Flower Street, Suite 500, Los Angeles, CA 90071", 602- 266-1825,"7500 N Dreamy Draw Dr #230, Phoenix, AZ 85020", 724- 933-6400,"7000 Brooktree Rd #100, Wexford, PA 15090", 248- 649-5404,"755 W Big Beaver Rd, Suite 750, Troy, MI 48084",,,,,,,,,,
"Calderon Law Office, P.C.",New York,http://www.calderonlawoffice.com/,"Citizenship, Permanent Residency, Consular Processing, Waivers, Family-Based Petitions, Employment-Based Petitions, Fiancée Visas, Cancellation of Removal, Asylum, TPS, Employment Authorization, Effect of Conviction s- on Immigration Status",jsc@calderonlawoffice.com,http://www.calderonlawoffice.com/contact,, 646- 372-8070,"139 Fulton Street, Suite 508, New York, NY 10038",,,,,,,,,,,,,,,,,,,,,,,,,,,,,,
"Spektor, Spektor & Berman, P.C.","New York, Pennsylvania",http://spektorlawgroup.com/index.html,"Status Adjustment, Marriage Green Cards, Same Sex Marriage, Deportation Defense, Work Visas & Labor Certification, USCIS Interviews, Stokes Interviews, Mandamus Petitions, Bond Hearings, Removal Appeals, Criminal Immigration Problems, Deferred Action, Abused Spouse  VAWA- Petition, USCIS Forms, Political Asylum",info@spektorlawgroup.com,http://spektorlawgroup.com/contact-us.html, 215- 608-7184, 215- 608-7184,"420 Lexington Ave Suite 628, New York, NY 10170", 215- 608-6398,"1500 Market Street, East Tower, 12th Floor, Philadelphia, PA 19102",,,,,,,,,,,,,,,,,,,,,,,,,,,,
"Khashmati & Associates, P.C",New York,https://khashmatilaw.com/,"Relative Petitions, Political Asylum, Asylee Relative Petition, Status for Finances  K-1-, Citizenship, Petition to Remove Conditions, Replacement of Green Card, Abused Spouse Petition, Other Immigration Matters",contact@khashmatilaw.com,https://khashmatilaw.com/contact/,, 516- 717-4757,"69-06 Grand Avenue, Maspeth, New York 11378",,,,,,,,,,,,,,,,,,,,,,,,,,,,,,
"Jaime Winthuysen Aparisi & Associates, LLC",Federal,https://aparisi.com/,"Adjustment of Status, Application for Advance Parole, Asylum, Consular Processing, Credible and Reasonable Fear Interview, Deferred Action for Childhood Arrivals  DACA-, EB-5 Immigrant Visa Investors, NACARA, PERM Labor Certification  DOL-, Special Immigrant Juvenile  SIJ- Status, Temporary Protected Status  TPS-, U Nonimmigrant Visa, VAWA",info@aparisi.com,https://aparisi.com/contact/, 301- 562-1416,,"8630 Fenton St Suite 925, Silver Spring, MD 20910",,,,,,,,,,,,,,,,,,,,,,,,,,,,,,
Merrick Immigration Law,New York,https://www.merrickimmigration.com/,"Immigration News, Family Immigration, Investment Visas, Naturalization, Employment-Based Immigration, Non-Immigrant Visas, Additional Immigration Services",info@MerrickImmigration.com,https://www.merrickimmigration.com/contact-us/, 646- 813-0618,,"1325 Avenue of the Americas, 28th Floor, New York, NY 10019",,,,,,,,,,,,,,,,,,,,,,,,,,,,,,
"Law Offices of Shane D. Scott, P.C.",New York,https://www.shanescottlaw.com/,"Business Green Card, Family Green Card, Fiancée Visas, VAWA Self Petition, Adjustment of Status, Deportation, Motion to Reopen, Waivers and Appeals, Entertainer and Artist Visas, Religious Worker Visa",sscott@shanescottlaw.com ,https://www.shanescottlaw.com/contact-us.html, 800- 230-0744,,"40 Wall St 28th Floor, New York, NY 10005",,"70 Sunrise Hwy #500, Valley Stream, NY 11581", 718- 701-2896,"155-03 Jamaica Avenue, Jamaica, NY 11432", 800- 230-4215,"73 Market Street #376, Yonkers, NY 10710",,,,,,,,,,,,,,,,,,,,,,,,
"Henner Law Group, P.C.",New York,https://whiteplainsimmigrationlawyer.com/,"Cancellation of Removal, Citizenship, Deportation and Removal, EB-1 Aliens of Extraordinary Ability, Family Based Immigration, Naturalization, PERM Green Card Process, Political Asylum, Provisional Waivers, Special Immigrant Juvenile, VAWA Cases, Non-immigrant Visas  H-1B, O, L-1, E-1, TN-",susan@sbhenner.com,https://whiteplainsimmigrationlawyer.com/contact-susan-henner/,, 914- 290-5777,"222 Bloomingdale Road, Suite 308, White Plains, NY, 10605",,,,,,,,,,,,,,,,,,,,,,,,,,,,,,
Cheryl R. David Law Immigration & Nationality Law,New York,https://www.cheryldavidlaw.com/,"Immigration Law Areas, Family Immigration, Naturalization, Deportation and Removal Defense, Employment Immigration, Temporary Visas", ,https://www.cheryldavidlaw.com/contact/,, 646- 681-4252,"299 Broadway, Suite 706, New York, NY 10007",,,,,,,,,,,,,,,,,,,,,,,,,,,,,,
Rahman Legal PC,New York,https://www.rahmanlegalpc.com/,"Green Card, Waivers, Divorce, U.S. Citizens, Asylum, Child Support & Custody, Removal Defense, EB-5 Immigration Investor, Labor Law",info@rahmanlegalpc.com,https://www.rahmanlegalpc.com/contact,, 917- 783-0665,"1460 Broadway, New York, NY 10036",,,,,,,,,,,,,,,,,,,,,,,,,,,,,,
"Gafner Law Firm, P.C.",New York,http://www.gafnervisalaw.com/,"Family Immigration, Business Immigration, Investor Immigration, Citizenship & Naturalization", ,http://www.gafnervisalaw.com/contact-information/,, 646- 571-8472,"One Penn Plaza, 36th Floor, New York, NY 10119",,,,,,,,,,,,,,,,,,,,,,,,,,,,,,
"Oltarsh & Associates, P.C.",New York,https://www.oltarsh.com/,"Business Immigration, Citizenship, Consular Processing, Deportation Defense, Family Immigration, Green Cards, Waivers",info@oltarsh.com,https://www.oltarsh.com/william-h-oltarsh/, 212- 944-9420,,"494 8th Ave #1704, New York, NY 10001",,,,,,,,,,,,,,,,,,,,,,,,,,,,,,
Goldstein and Cheung LLP,New York,https://www.gcimmigrationlaw.com/,"Employment- and Family-based Green Cards, H-1Bs, O-1s, E-3s, TNs, Student-, Scholar-, or Academic Institution-related Matters",contact@gcimmigrationlaw.com,https://www.gcimmigrationlaw.com/contact%20us, 212- 374-1544,,"80 Maiden Lane Suite 1008, New York, NY 10038",,,,,,,,,,,,,,,,,,,,,,,,,,,,,,
Melnia Cordis Law PC,New York,https://www.melniacordislaw.com/,"Adoption, Immigration: Family Petitions, Religious Petitions, Extension of Status, Adjustment of Status, Work Permit, Waiver, US Citizenship, Consular Processing, Obtaining a Student Visa",info@melniacordislaw.com ,https://www.melniacordislaw.com/contact-us/, 718- 362-0453,,"442 East 53rd Street, Brooklyn, New York 11203",,,,,,,,,,,,,,,,,,,,,,,,,,,,,,
"Margaret W. Wong & Associates, LLC","New York, Ohio, Illinois, California, Georgia, Minnesota",https://newyork.imwong.com/,"Family Visas, Health Care Professionals Immigration, Asylum, Citizenship and Naturalization, Work Visas, Immigrant Visas, Employment Based Immigration Services, Deportation, Removal Proceedings & Federal Court Appeals, Immigration Criminal Charges, Labor Certification",info@imwong.com ,https://newyork.imwong.com/contact/, 212- 226-7011, 212- 226-7011,"139 Centre Street, PH112, New York, New York 10013",216-566-9908,"MWW Building, 3150 Chester Ave., Cleveland, OH 44114",614-221-8892,"470 Olde Worthington Road, Suite 250, Westerville, OH 43082",312-463-1899,"401 S. LaSalle, Suite 800C, Chicago, IL 60605",216-566-9908,"225 South Lake Ave. Suite 300 Pasadena, CA 91101",678-906-4061,"5425 Peachtree Parkway, Norcross, GA 30092",612-469-9888,"5775 Wayzata Blvd, Suite 700, St. Louis Park, MN 55416",,,,,,,,,,,,,,,,,,
"M. Arda Beskardes, Attorney-at-Law",New York,http://www.hukuk.pro/,,arda@hukuk.pro,,718-766-9454,,"225 Broadway Suite 3001, New York, NY 10007 US",,,,,,,,,,,,,,,,,,,,,,,,,,,,,,
"Lubiner Schmidt and Palumbo, LLC","New Jersey, New York",https://www.lslawyers.com/,"Business Immigration, Family Immigration, Student Visas, Permanent Residency, Temporary Visitor, U Visa - Victims of Criminal Activity, Citizenship and Naturalization, Deportation, Diversity Immigration Visa Program, Immigration FAQ's, Preference System, The Three Steps of the PERM Process, The Effect Layoffs on H-1B Workers",alubiner@lslawyers.com,https://www.lslawyers.com/contact-us.html, 844- 288-7978, 908- 709-0500,"123 N Union Ave #305, Cranford, NJ 07016",,"7 Mt Bethel Rd, Warren, NJ 07059",,"One Gateway Center #2600, Newark, NJ 07102",,"3514 Park Ave, Weehawken, NJ 07086",,"313 W 82nd St, New York, NY 10024",,,,,,,,,,,,,,,,,,,,,,
American Immigration Lawyers Association,New York,https://www.aila.org/,Immigration Lawyer Database,probono@aila.org,https://www.aila.org/contact,202-507-7600,,"Suite 300, 1331 G Street, NW, Washington, DC 20005-3142",,,,,,,,,,,,,,,,,,,,,,,,,,,,,,
"Hogan, Edwards, & Blue, LLP",New York,https://usimmigrationpathway.com/,"Naturalization, Application for Legal Permanent Residency  Green Cards-, Petition for Alien Relatives, Removal of Conditions, Fiancé Petitions, J1 Waivers 2 Year Requirement, 601 Waivers of Unlawful Presence, Extension of Stay or Change of Status, Asylum, Employment Authorizations",immigration@hoganedwardsblue.com,, 888- 424-8496,,"200 Dick St Suite D, Fayetteville, NC 28301",,,,,,,,,,,,,,,,,,,,,,,,,,,,,,
The Law Offices of Marilyn Orbach-Rosenberg,New York,http://www.orbachrosenberglaw.com/,"Appeals, Asylum, Border Arrests, Criminal Immigration & Immigration Fraud, Deferred Action, Deportation Defense, DREAM Act, Employment, Family, Fiancé e- Visas, Humanitarian Parole, Immigrant Visas, Naturalization & Citizenship, Non-Immigrant Visas, Same-Sex, Temporary Protected Status  TPS-, VAWA, Waivers", ,http://www.orbachrosenberglaw.com/contact-us/,718-440-9002,,"37-32 75th Street, 3rd Floor, Jackson Heights, NY 11372",,,,,,,,,,,,,,,,,,,,,,,,,,,,,,
"J. Bruce Weinman, Esq. ",New York,https://www.inslawyers.com/,"Immigration Issues, Temporary Visa, Permanent Visa, Humanitarian Issues, Naturalization & Citizenship", ,https://www.inslawyers.com/contact/,917-402-3781 ,,"80 Pine Street, Suite 3304, New York, NY 10005",,,,,,,,,,,,,,,,,,,,,,,,,,,,,,
The Vaisman P.C. Immigration,New York,https://www.vaismanpc.com/,"Removal Proceedings, Appeals and Motions to Reopen and Reconsider to U.S. Citizenship and Immigration Services, Immigration Court Appeals, Board of Immigration Appeals, Naturalization issues, Violence Against Women Act, Asylum, I-601 Waivers, I-601A Provisional Waivers",info@vaismanpc.com,https://www.vaismanpc.com//contact.html,646-253-0516,,"11 Broadway, Suite 615, New York, NY 10004",,,,,,,,,,,,,,,,,,,,,,,,,,,,,,
Feiner & Lavy P.C.,New York,https://www.drimmigration.com/,"CSPA – Child Status Protection Act, Petition for Review, Asylum, Visas, Waiver, VAWA Petitions, Green Cards, Citizenship, Expiring I-551 Green Cards, Same-Sex Marriage Immigration, Consular Processing, Visiting the US, Bond Hearing, Battered Spouse or Children/VAWA, Criminal Immigration, Appeals to BIA, Deportation & Removal",,https://www.drimmigration.com/contact-us/, 212- 571-9200,,"325 Broadway, Suite 401, New York, NY 10007",,,,,,,,,,,,,,,,,,,,,,,,,,,,,,
"Georgalas & Juarez, L.P.A. ",Ohio,https://www.bgjattorneys.com/attorney/juarez-jose-a-jr/,"asylum, immigration, deportation defense, citizenship and naturalization, green cards, permanent residential cards, immigration & criminal defense",,https://www.immigrationman.com/contact/ ,888-810-2904, 440- 525-3430,"6505 Rockside Road, Suite 275, Independence, OH 44131",Se Habla Español 888-810-2904,,,,,,,,,,,,,,,,,,,,,,,,,,,,,
"Combs, Schaefer, Ball & Little",Ohio,https://www.middletownlaw.com/ ,family law ,,https://www.middletownlaw.com/contact-us/,5134241660,,,,,,,,,,,,,,,,,,,,,,,,,,,,,,,,
"Yazdani Law, LLC","Ohio, Texas ",https://www.yazdani.law/,"adjustment, visas, K-1 fiance, I-751, waivers, naturalization",info@yazdani.law,https://www.yazdani.law/contact, 800- 469-4610, 614- 961-4414,"175 S 3rd St., Suite 1010, Columbus, Ohio 43210",,"325 N. St. Paul Street, Suite 3100, Dallas, Texas 75201",,,,,,,,,,,,,,,,,,,,,,,,,,,,
Brown Immigration Law,Ohio,https://www.brown-immigration.com/,"adjustment of status, agencies, bars to returning to the US, change of status, citizenship, consular processing, diversity visas",,https://www.brown-immigration.com/contact-us/,216-861-4414,,"1468 W 9th St, Ste 705, Cleveland, OH 44113",,,,,,,,,,,,,,,,,,,,,,,,,,,,,,
The Pogue Law Firm LLC,Ohio,https://www.pogueimmigrationlaw.com/contact ,"DACA, comprehensive immigration reform, family immigration",cpogue@immigrate2usa.com ,https://www.pogueimmigrationlaw.com/contact, 513- 549-4420,,"810 Sycamore Street, 2nd Floor, Cincinnati, Ohio 45202",,,,,,,,,,,,,,,,,,,,,,,,,,,,,,
"Porter Law Office, LLC",Ohio,https://porter-law.com/ ,"Employment-Based Immigration,Family-Based Immigration, K-1 Fiance Visas, Adjustment of Status  Green Card-, Specialty Occupation Worker  H1B Visa-, PERM Labor Certification, Naturalization  U.S. Citizenship-",,https://porter-law.com/contact/, 614- 428-2887,,"255 Lincoln Circle Columbus, OH 43230",,,,,,,,,,,,,,,,,,,,,,,,,,,,,,
Simakovsky Law,Ohio,https://www.immigrationattorneycolumbus.com/,"removal defense, affirmative asylum applications, family based immigration, DACA, naturalization, VAWA and U visas, employment-based immigration, TSP, disability waivers",alubiner@lslawyers.com,https://www.immigrationattorneycolumbus.com/contactus/, 614- 695-4605,,"460 E Main St, Columbus, OH 43215",,,,,,,,,,,,,,,,,,,,,,,,,,,,,,
"The Barrera Law Firm, PLLC.",Virginia ,https://www.barreralawfirm.com/,"family petitions, asylum  affirmative and defensive-, special immigrant juvenile status matters and removal defense",,https://www.barreralawfirm.com/contact-us/,571.290.2390,,"5845 Richmond Highway,
Suite 620
Alexandria, VA 22303",,,,,,,,,,,,,,,,,,,,,,,,,,,,,,
"Northern Virginia Immigration Law Firm, PLLC",Virginia ,https://www.novaimmigrationlawfirm.com/,"removal defense, employment-based immigration, asylum, naturalization and citizenship, family-based immigration, appeals and federal court litigation, waivers, criminal+immigration",,https://www.novaimmigrationlawfirm.com/, 703- 854-1046,,"180 S. Washington Street, Suite B
Falls Church, VA 22046",,,,,,,,,,,,,,,,,,,,,,,,,,,,,,
"Natalia Segermeister, Immigration Lawyers of Price Benowitz",Virginia ,https://thevisafirm.com/,"Asylum, deportation defense, employment, family, immigration bond, investor visa, student vise, victims of crimes, waivers",,https://thevisafirm.com/contact/,, 703- 552-5603,"10505 Judicial Dr #104,
Fairfax, VA 22030", 202- 751-2716,"409 7th St NW #235,
Washington, DC 20004",,,,,,,,,,,,,,,,,,,,,,,,,,,,
"
Virginia Law Center for Immigration and Citizenship, PLLC",Virginia ,https://virginiaimmigrationcenter.com/,"Family immigration, fiancee visas, spousal visas, permanent residency status, labor certification, investor visas, deportation defense, temporary work visas, political asylum, citizenship and naturalization, I-9 employer assistance",,https://virginiaimmigrationcenter.com/consultation/, 703- 621-9009,,"11710 Plaza America Dr #2000
Reston VA 20190",,"4601 Fairfax Dr
Arlington VA 22203",,,,,,,,,,,,,,,,,,,,,,,,,,,,
VALVERDE LAW PLLC,Virginia ,https://www.valverdelaw.com/home,"I-601A Provisional Unlawful Presence Waiver, Green Card Through Marriage, K-1 Fiancé Visa, I-751 Petition to Remove Conditions, Naturalization And Citizenship, Deferred Action For Childhood Arrivals  DACA-, Parole In Place For Military Families, Deportation Defense, Employment Based Visas",office@valverdelaw.com,https://www.valverdelaw.com/contact-us-2,757-422-8472,,"397 Little Neck Road
3300 building, Suite 205
Virginia Beach, VA 23452",,,,,,,,,,,,,,,,,,,,,,,,,,,,,,
Law Office Of Susan R. Torres PL,Federal ,http://www.torresimmigrationlaw.com/?gclid=Cj0KCQiAkuP9BRCkARIsAKGLE8XbzA-cnEIQI_eM7DnR4ugohI35F6qmtqSlzrGgCBI6A6asqpKaEqIaAkzEEALw_wcB,"asylum, bia appeals, bond motions, citizenship and naturalization, temporary protected status, deferred action / executive orders, deportaton defense, employment based immigration, family immigration, lgbt immigration - asylum and family based, motions to reopen, post conviction relief, provisional waivers, special immigrant juvenile status, visas",,http://www.torresimmigrationlaw.com/?gclid=Cj0KCQiAkuP9BRCkARIsAKGLE8XbzA-cnEIQI_eM7DnR4ugohI35F6qmtqSlzrGgCBI6A6asqpKaEqIaAkzEEALw_wcB,786-332-3328,305-632-2282,"7750 SW 117 AVENUE, SUITE 202B
MIAMI, FL 33183",,,,,,,,,,,,,,,,,,,,,,,,,,,,,,
Cambira & Kline Attorneys at Law,Virginia ,https://immigration-law.cambriaklinelaw.com/?gclid=Cj0KCQiAkuP9BRCkARIsAKGLE8WwBibeUuDfZvH1OXvtZhNftIijQq6uGoj9a1KRPZRmteH4OAPt4-EaAtAKEALw_wcB,"Adjustments of status, naturalization, removal defense, asylum/withholding/CAT, family based petitions, detention cases",receptionist@cambriaklinelaw.com,https://immigration-law.cambriaklinelaw.com/?gclid=Cj0KCQiAkuP9BRCkARIsAKGLE8WwBibeUuDfZvH1OXvtZhNftIijQq6uGoj9a1KRPZRmteH4OAPt4-EaAtAKEALw_wcB,484-926-2014,,"532 Walnut Street Reading, PA 19601",,,,,,,,,,,,,,,,,,,,,,,,,,,,,,
"The Law Offices of Ricky Malik, P.C.","Virginia, Maryland, Washington, DC ",http://www.rmlegal.com/,"removal  deportation- proceedings, criminal immigration, asylum immigration, NACARA based immigration, u-visas, and many more immigration related matters",greencard@mail.com,http://www.rmlegal.com/,877-577-VISA,703-686-9900,"8620 Centreville Road Manassas, VA 20110",301-434-8372,,,,,,,,,,,,,,,,,,,,,,,,,,,,,
"Fayad Law, P.C.",Virginia ,https://www.fayadlaw.com/,"Business Immigration, Entrepreneur visas, Family Immigration, Employment Visas, Permanent Visas, Citizenship, Political Asylum, Deportation and Removal, Immigration bond determination, Refugee Law, Immigration Discrimination, Religious Visas, Human Rights,DV  Lottery- Visa",,https://www.fayadlaw.com/contact-us/,800-526-1949, 703- 997-6530,"8315 Lee Highway
Suite 620
Farifax VA 22031",805-286-0642,"8501 Mayland Dr.
Suite 101
Richmond, VA 23294",,,,,,,,,,,,,,,,,,,,,,,,,,,,
"Law Office of Michael McVicker | Reston, Virginia Immigration Attorney",Virginia ,https://www.mamcvicker.com/,"employment and family based immigrant petitions / green cards, non-immigrant visas  including E-1, E-2, H-1B, L-1B, L-1A, O-1, and TN-, fiancé visas  K-1-, applications for labor certification  PERM applications-, work authorization, naturalization, and other immigration matters.",info@mamcvicker.com,https://www.mamcvicker.com/, 703- 435-8435,,"1810 Michael Faraday Drive
First Floor
Reston, VA 20190",,,,,,,,,,,,,,,,,,,,,,,,,,,,,,
PRICE BENOWITZ LLP,"Virginia, Maryland, Washington, DC ",https://pricebenowitz.com/virginia-immigration/deportation-defense-lawyer/ ,"Applying for lawful permanent status  LPR-, asylum, delay, deportation defense, family, green card, I-9 compliance, visas",,https://www.barreralawfirm.com/contact-us/,,,,,,,,,,,,,,,,,,,,,,,,,,,,,,,,,
"Law Offices of Eric T. Dean, Jr.",Federal,https://deanvisaoffice.com/?gclid=CjwKCAiA2O39BRBjEiwApB2IkjVmK_jHG357oyaDXzPc6T6HtiUGlhuBrsiS1HATu6sm02wB3coIgxoCM8kQAvD_BwE,"Fiancee visas K-1-, Marriage CR-1- visas",,https://www.novaimmigrationlawfirm.com/,1-800-931-8368,1-203-389-4790,"111 South Ave., North Haven, CT 06473",,,,,,,,,,,,,,,,,,,,,,,,,,,,,,
Grace Immigration PLLC,Virginia ,http://www.virginiaimmigrationlawcenter.com/,"U.S. citizenship, permanent residency, deportation defense, asylum, pending cases, victim relief, immigration consequences, green cards, DACA, special immigrant juvenile status",jennifer@gracepllc.com,https://thevisafirm.com/contact/, 540- 358-5593,,"305 Market Street SE, Suite 204
Roanoke, Virginia 24011",,,,,,,,,,,,,,,,,,,,,,,,,,,,,,
"Mark J. Monaco, Esq., PLLC",Virginia ,https://www.marklawimmigrant.com/ ,"naturliation, citizenship, green cards, EAD work permits, immigrant and nonimmigrant visas, employment-based immigration","Naturalization, Citizenship, EAD Work Permits, Immigrant and Nonimmigrant Visas, Deportation Defense, Employment-Based Immigration, Green Cards, Family Based Immigration, Waivers, Asylum Immigration Lawyer, TPS – Temporary Protected Status, PERM – Permanent Resident, Status, Removal, Consular Practice",https://virginiaimmigrationcenter.com/consultation/,703-575-8488,,"Annandale Office
Merrion Center, 4216 Evergreen Lane
Suite 136
Annandale, Virginia 22003",,,,,,,,,,,,,,,,,,,,,,,,,,,,,,
Miller Law,Virginia ,http://millerlawdc.com/,"Asylum, Citizenship, Deportation, Employment-Based Immigration, Family Immigration, Federal Court Litigation, Fiance, Visa, Green Card Defense, Removal defense, Waivers",contact@millerlawdc.com,https://www.valverdelaw.com/contact-us-3,202.810.3005,,"3300 Fairfax Dr, Arlington, VA 22201",,,,,,,,,,,,,,,,,,,,,,,,,,,,,,
"Naureen F. Hyder, PLLC",Virginia ,https://hyderimmigration.com/,"H-1B, L-1A and L-1B Visas, E-2 Investor Visas, TN Visas, Alien Employment Certification  PERM-, Adjustment of Status, Consular Processing, Waivers, Spouses, Parents, Children & Relatives, Fiancé e- Petitions, Asylum, Withholding of Removal and CAT protection, Cancellation of Removal, Cancellation under Violence Against Women Act  VAWA-, Stay of Removal, ICE Detainers, Bond Hearing Representation, Request for Credible Fear Interview, Tourist Visas  B-1/B-2-, Student Visas  F-1-, Victim of Criminal Activity  U-Visas-, Extensions of Stay, Change of Status, Violence Against Women Act  VAWA-, Deferred Action for Childhood Arrivals  DACA-, Removal of Green Card Conditions, Naturalization",nfhyder@hyderimmigration.com,http://www.torresimmigrationlaw.com/?gclid=Cj0KCQiAkuP9BRCkARIsAKGLE8XbzA-cnEIQI_eM7DnR4ugohI35F6qmtqSlzrGgCBI6A6asqpKaEqIaAkzEEALw_wcB,804.414.6616,,"2727 Enterprise Pkwy, Suite 104, Richmond, VA 23294",,,,,,,,,,,,,,,,,,,,,,,,,,,,,,
Jeffrey Van Doren PLLC,Virginia ,https://vandorenlaw.com/,"H-1B visas for workers in specialty occupations, L-1 visas for employees transferring within companies, TN visas for Mexican and Canadian workers in a profession defined by the North American Free Trade Agreement  NAFTA-, E-1 visa for treaty traders, E-2 visas for treaty investors, B-1 and B-2 visitor and business visas, H-2 visas for temporary or seasonal workers, O visas for employees of extraordinary ability, their assistants and dependent, Labor certification  PERM- applications in the employment-based second and third, preference  EB-2 or EB-3- categories,
Outstanding Professor or Researcher or Multi-National Executive petition in the employment-based first preference  EB-1- category ,National interest waiver applications, Green cards for clergy or other special immigrant religious workers",,https://immigration-law.cambriaklinelaw.com/?gclid=Cj0KCQiAkuP9BRCkARIsAKGLE8WwBibeUuDfZvH1OXvtZhNftIijQq6uGoj9a1KRPZRmteH4OAPt4-EaAtAKEALw_wcB, 540- 698-3918, 540- 302-2920,"201 Church Street, Suite A
Blacksburg, VA 24060",,,,,,,,,,,,,,,,,,,,,,,,,,,,,,
"The Barrera Law Firm, PLLC.","Virginia, Maryland, Washington, DC ",https://www.scottccimmigrationlaw.com/,"Visas for professionals and business people — responsive and efficient work/business visa services, Worker visas and business immigration — I-140/I-485  Work-based Petition by U.S. Employer/Permanent Resident Application-, H-1B, B, E-1, E-2, F-1, H2, H3, L-1, L-2, Blanket L, O, P, Q, R, TN visas. Also I-9 Compliance and Audit Services. Professionals, Executives, Managers, Business Owners, and all Employment-based categories  I, II, III, IV, & V-, Visas for individuals — fast and efficient services for all types of individual visas, H-1B visas — temporary work visa services for companies and individuals, U visas — visas for victims of crimes, Family visas and fiancé visas — K-1 and K-2 visas, Special immigrant juvenile visas, Family and individual immigration — including H-1B, B, E-1, E-2, F-1, H2, H3, L-1, L-2, and Blanket L visas, K, O, P, Q, R and S, T, and U visas. Also green cards and I-130/I-485 Petitions for Alien Relative/Permanent Resident applications. K-1, M-1, TN visas, VAWA- I-360  Self Petition for Abused Spouse-, I-765 Workers Permit, I-131 Advanced Parole, Diversity Visa Lottery, TPS and FOIA requests, Deportation, removal and litigation — including removal and deportation defense and relief, asylum, appeals and FOIA requests, Adjustment of status and citizenship — changes in status from temporary to permanent, naturalization and citizenship, and changes to alternative appropriate categories, Criminal charges and immigration — coordinating immigration defense and criminal defense efforts to protect immigration status and consequences, U.S. and I-601 waivers — filing a variety of U.S. Immigration Waivers for clients, Asylum — helping individuals seek asylum or refuge",info@vasselllaw.com,http://www.rmlegal.com/,703-261-6881 ,703-261-6881 VIRGINIA,"Fairfax Office
11350 Random Hills Road
Suite 800
Fairfax, VA 22030",301-251-4003   MARYLAND,"Rockville Office
110 North Washington Street
Suite 404
Rockville, MD 20850",202-973-0156   D.C.,"Washington Office
1629 K Street
Suite 300
Washington, DC 20006",,,,,,,,,,,,,,,,,,,,,,,,,,
"Northern Virginia Immigration Law Firm, PLLC","Virginia, Maryland, Washington, DC ",https://www.andrewslaw.net/about-us/ ,"Family-Based Immigration, Employment-Based Immigration, Non-Immigrant Visas, Work Permits, Naturalization",,https://www.fayadlaw.com/contact-us/,888-448-7247,"Alexandria, VA - 703.838.9004",,"Fredericksburg, VA - 540.785.0010",,"Riverdale Park, MD - 301.843.3500",,Washington DC - 202.347.5300,,,,,,,,,,,,,,,,,,,,,,,,,
"Natalia Segermeister, Immigration Lawyers of Price Benowitz",Virginia ,https://www.sumnerimmigration.com/practice-areas/family-based-immigration/ ,"Filing for family members already in the U.S., I-751 Removal of Conditions for Conditional Residents, Filing for family members currently living outside the U.S., Filing for fiancés  K-1-, Immigrant consular processing, K-3 visas for spouses of US citizens  when appropriate-",info@sumnerimmigration.com,https://www.mamcvicker.com/, 804- 396-3412,,"7229 Forest Avenue, Suite 103
Richmond, VA 23226",,,,,,,,,,,,,,,,,,,,,,,,,,,,,,
"
Virginia Law Center for Immigration and Citizenship, PLLC",Virginia ,https://www.johnelledge.com/,"Family-based immigration, Removal defense, Asylum, Detention hearings, Consular processing, Visas, Adjustment of status, Cancellation of removal, Post-conviction relief",,https://www.barreralawfirm.com/contact-us/,540-795-2877,,"2 South Main Street, 2nd Floor
Harrisonburg, VA 22802",,,,,,,,,,,,,,,,,,,,,,,,,,,,,,
VALVERDE LAW PLLC,Virginia ,https://www.valegalaid.org/issues/immigration ,"Deportation/Removal, Detention, Discrimination, Federal Housing Eligibility, Naturalization, Refugees, Undocumented Workers, VAWA Issues",https://www.valegalaid.org/feedback ,https://www.novaimmigrationlawfirm.com/,1-866-534-5243,,,,,,,,,,,,,,,,,,,,,,,,,,,,,,,,
Law Office Of Susan R. Torres PL,Virginia ,https://www.dyerimmigration.com/ ,"employment-based immigration, family-based immigration, deportation defense, waiver application",info@dyerimmigration.com,https://thevisafirm.com/contact/,1.877.377.1247,807-377-7247,"9071 West Broad Street, Henrico, VA 23294",,,,,,,,,,,,,,,,,,,,,,,,,,,,,,
Pride Immigration Law Firm PLLC,Virginia ,https://www.prideimmigration.com/,"worker visas, student visas, visitor visas, green cards, waivers",,https://virginiaimmigrationcenter.com/consultation/, 571- 520-6116,,"KPPB Law
7330 Heritage Village Plaza
Suite 201
Gainesville, VA 20155",,,,,,,,,,,,,,,,,,,,,,,,,,,,,,
"Willy, Nanayakkara and Associates","Texas, Georgia",https://grwpc.com/about-us/ ,"investor visas, employment visas, family visas, student and exchange visitor visas, other visas",immigration@grwpc.com,,888-529-5990,281-265-2522,"14141 Southwest Freeway Bldg B, Ste 110 Sugar Land , TX 77478",404-937-6868,"Silhouette Building
1447 Peachtree St. NE
Suite 700
Atlanta , GA 30309",,,,,,,,,,,,,,,,,,,,,,,,,,,,
Farria Law Group,"Texas, New Jersey",https://www.farrialaw.com/index.html ,immigration law,,https://www.farrialaw.com/index.html , 214- 554-5269,,"Fort Worth Office
The Vinnedge Building
Farria Law Group
2100 N Main St Suite 228,
​Fort Worth TX 76164",,"Dallas Office
Farria Law Group
​2639 Walnut Hill Ln, #203,
​Dallas, TX 75229", 201- 870-0171,"New Jersey Office
426 Hudson Street, First Floor
Hackensack, New Jersey 07601",,,,,,,,,,,,,,,,,,,,,,,,,,
Greenberg Visa Law,Texas,https://asgvisalaw.com/services/startups/?gclid=CjwKCAiA-_L9BRBQEiwA-bm5fkYB-DSPwvpof2AhV8mHCP5Qdo9nowEOpip36QyBjf91biKuTMUZ-BoCVqAQAvD_BwE,"Citizenship, family immigration, employment immigration, work visas, removal defense, asylum, investment, startups, J-1 waivers",contact@asgvisalaw.com,https://asgvisalaw.com/contact-us/,,412.376.7302,"     Penn Center East – Building 1
     201 Penn Center Blvd.
     Suite 400
     Pittsburgh, PA 15235",,,,,,,,,,,,,,,,,,,,,,,,,,,,,,
Bailey & Galyen Attorneys at Law,Texas,http://www.galyen.com/Practice-Areas/Immigration.shtml,"Deportation Removal for a Felony Criminal Conviction, visas, ",,http://www.galyen.com/Contact.shtml,844-402-3900,817-405-4552,"1901 Airport Freeway
Bedford, TX 76021",,,,,,,,,,,,,,,,,,,,,,,,,,,,,,
Karam Immigration Law,Texas,https://www.immisolver.com/,"employment -based immigration, immigration for families and others, permanent residence and naturalization, entering the country, removal/deportation, criminal history and immigration status",,https://www.immisolver.com/contact," 832- 582-0620",,"1111 North Loop West,
Suite 1115 Houston, Texas 77008",,,,,,,,,,,,,,,,,,,,,,,,,,,,,,
"Chavez & Valko, LLP",Federal,https://www.keyvisa.com/firm-overview/,"asylum, citizenship and naturalization, deferred action, family green cards, same-sex spouse immigration, VAWA, visitor and other visas, waivers of inadmissibility lawyers, deportation defense and appeals",,https://www.keyvisa.com/contact/,,214-251-8011,"Dallas Office
10670 N Central Expy
Suite 300
Dallas, TX 75231",817-332-1100,"Chavez & Valko, LLP
5555 Bridge Street
Suite 100
Fort Worth, TX 76112",,,,,,,,,,,,,,,,,,,,,,,,,,,,
The Law Offices of Davis & Associates,Texas,https://gldlaw.com/,"Asylum, business immigration, citizenship & naturalization, DACA, Deportatiom, dual citizenship, family immigration, green cards, immigration appeals, visas",consultation@gldlaw.com ,https://gldlaw.com/contact-us-for-a-free-consultation/,,713-352-0881,"654 N Sam Houston Pkwy E, Suite 100
Houston, TX 77060",214-740-3885,"Davis & Associates
17750 Preston Road
Dallas, TX 75252",,,,,,,,,,,,,,,,,,,,,,,,,,,,
"Mathur Law Offices, P.C.",Texas,https://www.mathurlawoffices.com/immigration/,"Fiancée Visa K-1, E1 - Treaty Trader, E2 - Treaty Investor, Labor Certification, Immediate Relative Visa, EB-5, Immigrant Investor Visa, Convention Against Torture, Victims Visa / Victim of Crime,TN - Trade worker under NAFTA, K-3 Married Spousal Relationship, L - Intra-Transfer Manager or Executive, H2a - Temporary Worker - Agricultural Work, H1 - Temporary Worker - Specialty Occupation, H2b - Temporary Worker - Seasonal or Peak Load Work",,, 888- 867-5191,,"2989 N. Stemmons Freeway Dallas, TX 75247",,,,,,,,,,,,,,,,,,,,,,,,,,,,,,
FOSTER LLP,Texas,https://www.fosterglobal.com/,"US temporary work visas, US permanent residency, US citizenship & naturalizatio, court\deportation\removal defense, unlawful presence waivers, inadmissibility waivers, DACA",info@fosterglobal.com,https://www.fosterglobal.com/contact/,844-30-DREAM  844-303-7326-,713-229-8733,"3 Greenway Plaza
Suite 800
Houston, Texas 77046, USA",512-478-9475,"912 S Capital of Texas Hwy
Suite 450
Austin, Texas 78746, USA",,,,,,,,,,,,,,,,,,,,,,,,,,,,
Akula & Associates P.C. ,Texas,https://www.akulalaw.com/,"Employment Based Visas:E-1 Visa to EB-5 Visa, J Visa, L Visa, O Visa, R Visa, Family Based Visas: K-1 Visa, K-3 Visa, Citizenship and Naturalization",,https://www.akulalaw.com/contact/,844-299-5003, 972- 241-4698,"17400 Dallas Parkway, Suite 216,
Dallas, TX 7528",,,,,,,,,,,,,,,,,,,,,,,,,,,,,,
 The Law Office of Mana Yegani,Texas,https://www.law-mana.com/,"airport detention, asylum/refugee, cancellation of removal for non-permanents, deportation, ICE holds, immigration detention, naturalization & citizenship, waivers, appeals, cancellation of removal for lawful premanent residents, criminal defense, FOIA requests, immigration bonds, green card/lawful permanent residenct LPR-, notice of action: I-797C, I-797E, family based immigration, adjustment of status, DACA, spousal petitions, defenseof marriage act  DOMA-, removing conditions of residency: Form I-751, VAWA petitions",,https://www.law-mana.com/contact-us/,832.981.2170,Text: 832-904-3744,"1221 Studewood St.,
Suite 100
Houston, TX 77008",,,,,,,,,,,,,,,,,,,,,,,,,,,,,,
Dallas Immigration Law Firm,"Texas, Florida, Illinois, Michigan, New Jersey, New York, North Carolina, Ohio, Pennslyvania, Tennessee, Texas, ",https://www.lawfirm4immigrants.com/locations/texas/dallas/,"famiily-based immigration, student visas, naturalization and citizenship, deportation, exclusion and removal, employment-based immigrant", richardtmherman@gmail.com,https://www.lawfirm4immigrants.com/contact/,-5620,,"Herman Legal Group, LLC.
815 Superior Avenue, Suite 1225
Cleveland, Ohio 44114",,,,,,,,,,,,,,,,,,,,,,,,,,,,,,
Church World Service Global,Texas,https://cwsglobal.org/about/,"Green Card applications for you and your family, Naturalization applications, Extending non-immigrant status, Temporary Protected Status  TPS- and TPS renewals, Employment Authorization, Travel documents and advance parole, Replacing or renewing your Green Card, Preparing for your immigration interview, Deferred Action for Childhood Arrivals  DACA- renewals, U status applications",media@cwsglobal.org,,,212-870-2061,"NEW YORK CORPORATE CENTER
475 Riverside Dr., Suite 700
New York, NY 10115",800-297-1516,"ELKHART CORPORATE CENTER
MAILING ADDRESS
PO Box 968
Elkhart, IN 46515",,"ELKHART CORPORATE CENTER
PHYSICAL ADDRESS
28606 Phillips St
Elkhart, IN 46514",,,,,,,,,,,,,,,,,,,,,,,,,,
"The Gonzalez Law Group, PLLC",Texas,https://www.gonzalezlawgroup.net/immigration/,"visas, asylum, employment-based immigration, family-based immigration, deportation/removal, green cards, naturalization/citizenship, immigration law",,https://www.gonzalezlawgroup.net/contact/,832-530-4070,,"7151 Office City Dr, Houston, TX 77087",,,,,,,,,,,,,,,,,,,,,,,,,,,,,,
Zavala Law Firm PLLC,Texas,https://zavalaimmigration.lawyer/,"immgration for families, immigration for businesses and employees, deportation/removal defense/bonds, provisional waivers and extreme hardship waivers, military parole, citizenship and naturalization",,https://zavalaimmigration.lawyer/contact/,713-766-6720,,"12605 East Freeway
Suite 101
Houston, Texas 77015",,,,,,,,,,,,,,,,,,,,,,,,,,,,,,
The Rahgozar Law Firm,Texas,https://www.rahgozarlaw.com/,"deportation defense, visas, asylum, family-based immigration, employment-based visas, investor visas, citizenship & naturalization",prahgozar@rahgozarlaw.com,,, 832- 792-3636 Immigration,"2825 Wilcrest Dr., Ste. 515
Houston, TX 77042",  210- 400-6111,"""Satellite Office 3003 N.W. Loop 410
San Antonio, TX 78230""",,,,,,,,,,,,,,,,,,,,,,,,,,,,
Nathan Christensen P.C.,Texas,https://www.immigrationlawyerdallastx.com/,"family immigration, deportation defense, becoming a US citizen",,https://www.immigrationlawyerdallastx.com/contact-us/,972-497-1017,,"2340 E. Trinity Mills Road Suite 105, Carrollton, TX 75006",,,,,,,,,,,,,,,,,,,,,,,,,,,,,,
"Luis F. Hess, PLLC",Texas,https://luishesslaw.com/,"employment-based immigration, family -based immigration, visas, green cards, citizenship",,https://luishesslaw.com/contact/,, 713- 360-0577,"112 W 4th St, Room 2-A
Houston, TX 77007",281-306-5894,"282 Ed English Dr Bldg #6 Unit D
Shenandoah, TX, 77385",,,,,,,,,,,,,,,,,,,,,,,,,,,,
"MODI LAW FIRM, PLLC",Texas,https://www.themodilawfirm.com/,"investor visas, deportation defense, family visas",,https://www.themodilawfirm.com/contact-us/,832-514-4030,,"1415 North Loop West Suite 612, Houston, TX 77008",,,,,,,,,,,,,,,,,,,,,,,,,,,,,,
Reina & Bates,Texas,https://www.reinaimmigrationlawyers.com/,"citizenship, deportation defense, permanent residency status, family immigration, green cards",,https://www.reinaimmigrationlawyers.com/contact/,469-912-2306 ,Houston 281-975-4921 ,"123 Northpoint Drive
Suite 190
Houston, TX 77060",Dallas 469-912-2306,"1140 Empire Central Drive
Suite 300
Dallas, TX 75247",,,,,,,,,,,,,,,,,,,,,,,,,,,,